1,DeMarco Murray,demamurrrb,DAL,26,16,16,0,0,0,0,0,392,1845,4.71,13,64,57,416,7.3,0,RB,292,173,1,1
2,Le'Veon Bell,levebellrb,PIT,22,16,16,0,0,0,0,0,290,1361,4.69,8,105,83,854,10.29,3,RB,288,168,2,2
3,Marshawn Lynch,marslyncrb,SEA,28,16,14,0,0,0,0,0,280,1306,4.66,13,48,37,367,9.92,4,RB,265,146,3,3
4,Antonio Brown,antobrowwr,PIT,26,16,16,2,2,20,1,0,4,13,3.25,0,181,129,1698,13.16,13,WR,252,130,1,4
5,Matt Forte,mattfortrb,CHI,29,16,16,0,0,0,0,0,266,1038,3.9,6,130,102,808,7.92,4,RB,245,125,4,5
6,Arian Foster,ariafostrb,HOU,28,13,13,1,1,5,1,0,260,1246,4.79,8,59,38,327,8.61,5,RB,236,116,5,6
7,Eddie Lacy,eddilacyrb,GNB,24,16,16,0,0,0,0,0,246,1139,4.63,9,55,42,427,10.17,4,RB,231,111,6,7
8,Jordy Nelson,jordnelswr,GNB,29,16,16,0,0,0,0,0,0,0,,0,151,98,1519,15.5,13,WR,230,108,3,8
9,Demaryius Thomas,demathomwr,DEN,27,16,16,0,0,0,0,0,0,0,,0,184,111,1619,14.59,11,WR,230,108,2,9
10,Dez Bryant,dezbryawr,DAL,26,16,16,0,0,0,0,0,0,0,,0,136,88,1320,15,16,WR,228,106,4,10
11,Rob Gronkowski,robgronte,NWE,25,15,10,0,0,0,0,0,0,0,,0,131,82,1124,13.71,12,TE,184,94,1,11
12,Jamaal Charles,jamacharrb,KAN,28,15,15,0,0,0,0,0,206,1033,5.01,9,59,40,291,7.28,5,RB,210,91,7,12
13,Aaron Rodgers,aarorodgqb,GNB,31,16,16,341,520,4381,38,5,43,269,6.26,2,0,0,0,,0,QB,356,91,1,13
14,Andrew Luck,andrluckqb,IND,25,16,16,380,616,4761,40,16,64,273,4.27,3,0,0,0,,0,QB,356,90,2,14
15,Justin Forsett,justforsrb,BAL,29,16,14,0,0,0,0,0,235,1266,5.39,8,59,44,263,5.98,0,RB,203,84,8,15
16,Odell Beckham,odelbeckwr,NYG,22,12,11,0,1,0,0,0,7,35,5,0,130,91,1305,14.34,12,WR,204,82,5,16
17,Randall Cobb,randcobbwr,GNB,24,16,16,0,0,0,0,0,11,37,3.36,0,127,91,1287,14.14,12,WR,202,81,6,17
18,Emmanuel Sanders,emmasandwr,DEN,27,16,16,0,0,0,0,0,8,44,5.5,0,141,101,1404,13.9,9,WR,201,79,7,18
19,Julio Jones,julijonewr,ATL,25,15,15,0,0,0,0,0,1,1,1,0,163,104,1593,15.32,6,WR,193,72,8,19
20,Jeremy Maclin,jeremaclwr,PHI,26,16,16,0,0,0,0,0,0,0,,0,143,85,1318,15.51,10,WR,192,70,9,20
21,Lamar Miller,lamamillrb,MIA,23,16,16,0,0,0,0,0,216,1099,5.09,8,52,38,275,7.24,1,RB,185,66,9,21
22,Russell Wilson,russwilsqb,SEA,26,16,16,285,452,3475,20,7,118,849,7.19,6,1,1,17,17,0,QB,332,66,3,22
23,Jeremy Hill,jerehillrb,CIN,22,16,8,0,0,0,0,0,222,1124,5.06,9,32,27,215,7.96,0,RB,184,65,10,23
24,Antonio Gates,antogatete,SDG,34,16,14,0,0,0,0,0,0,0,,0,98,69,821,11.9,12,TE,154,64,2,24
25,C.J. Anderson,cjanderb,DEN,23,15,7,0,0,0,0,0,179,849,4.74,8,44,34,324,9.53,2,RB,177,58,11,25
26,T.Y. Hilton,tyhiltwr,IND,25,15,15,0,0,0,0,0,2,20,10,0,131,82,1345,16.4,7,WR,179,57,10,26
27,Mike Evans,mikeevanwr,TAM,21,15,15,0,0,0,0,0,0,0,,0,122,68,1051,15.46,12,WR,177,56,11,27
28,Alshon Jeffery,alshjeffwr,CHI,24,16,16,0,0,0,0,0,6,33,5.5,0,145,85,1133,13.33,10,WR,177,55,12,28
29,Jimmy Graham,jimmgrahte,NOR,28,16,13,0,0,0,0,0,0,0,,0,125,85,889,10.46,10,TE,145,55,3,29
30,LeSean McCoy,lesemccorb,PHI,26,16,16,0,0,0,0,0,312,1319,4.23,5,37,28,155,5.54,0,RB,171,52,12,30
31,Alfred Morris,alfrmorrrb,WAS,26,16,16,0,0,0,0,0,265,1074,4.05,8,26,17,155,9.12,0,RB,171,52,13,31
32,Joique Bell,joiqbellrb,DET,28,15,6,0,0,0,0,0,223,860,3.86,7,53,34,322,9.47,1,RB,166,47,14,32
33,Greg Olsen,gregolsete,CAR,29,16,16,0,0,0,0,0,0,0,,0,123,84,1008,12,6,TE,137,47,4,33
34,Peyton Manning,peytmannqb,DEN,38,16,16,395,597,4727,39,15,24,-24,-1,0,0,0,0,,0,QB,311,45,4,34
35,Ben Roethlisberger,benroetqb,PIT,32,16,16,408,608,4952,32,9,33,27,0.82,0,0,0,-6,,0,QB,310,45,5,35
36,Mark Ingram,markingrrb,NOR,25,13,9,0,0,0,0,0,226,964,4.27,9,36,29,145,5,0,RB,163,44,15,36
37,Martellus Bennett,martbennte,CHI,27,16,15,0,0,0,0,0,0,0,,0,128,90,916,10.18,6,TE,132,41,5,37
38,Golden Tate,goldtatewr,DET,26,16,16,0,0,0,0,0,5,30,6,0,144,99,1331,13.44,4,WR,162,41,13,38
39,Drew Brees,drewbreeqb,NOR,35,16,16,456,659,4952,33,17,27,68,2.52,1,1,1,1,1,0,QB,305,39,6,39
40,Coby Fleener,cobyfleete,IND,26,16,12,0,0,0,0,0,0,0,,0,92,51,774,15.18,8,TE,125,35,6,40
41,Calvin Johnson,calvjohnwr,DET,29,13,13,0,0,0,0,0,0,0,,0,128,71,1077,15.17,8,WR,156,34,14,41
42,DeAndre Hopkins,deanhopkwr,HOU,22,16,16,0,0,0,0,0,0,0,,0,127,76,1210,15.92,6,WR,155,33,15,42
43,Kelvin Benjamin,kelvbenjwr,CAR,23,16,15,0,0,0,0,0,0,0,,0,145,73,1008,13.81,9,WR,155,33,16,43
44,DeSean Jackson,desejackwr,WAS,28,15,13,0,0,0,0,0,4,7,1.75,0,95,56,1169,20.88,6,WR,154,32,17,44
45,Julius Thomas,julithomte,DEN,26,13,10,0,0,0,0,0,0,0,,0,62,43,489,11.37,12,TE,121,31,7,45
46,Frank Gore,frangorerb,SFO,31,16,16,0,0,0,0,0,255,1106,4.34,4,19,11,111,10.09,1,RB,148,28,16,46
47,Giovani Bernard,giovbernrb,CIN,23,13,9,0,0,0,0,0,168,680,4.05,5,59,43,349,8.12,2,RB,145,26,17,47
48,Mike Wallace,mikewallwr,MIA,28,16,16,0,1,0,0,0,4,16,4,0,115,67,862,12.87,10,WR,146,24,18,48
49,Delanie Walker,delawalkte,TEN,30,15,14,0,0,0,0,0,0,0,,0,106,63,890,14.13,4,TE,113,23,8,49
50,Torrey Smith,torrsmitwr,BAL,25,16,16,0,0,0,0,0,0,0,,0,92,49,767,15.65,11,WR,143,21,19,50
51,Travis Kelce,travkelcte,KAN,25,16,11,0,0,0,0,0,0,0,,0,87,67,862,12.87,5,TE,110,20,9,51
52,Steve Smith,stevsmitwr,BAL,35,16,16,0,0,0,0,0,0,0,,0,134,79,1065,13.48,6,WR,141,19,20,52
53,Matt Ryan,mattryanqb,ATL,29,16,16,415,628,4694,28,14,29,145,5,0,0,0,0,,0,QB,284,19,7,53
54,Chris Ivory,chriivorrb,NYJ,26,16,10,0,0,0,0,0,198,821,4.15,6,27,18,123,6.83,1,RB,134,15,18,54
55,Anquan Boldin,anquboldwr,SFO,34,16,16,0,1,0,0,0,1,4,4,0,130,83,1062,12.8,5,WR,137,15,22,55
56,Brandon LaFell,branlafewr,NWE,28,16,13,0,0,0,0,0,2,13,6.5,0,119,74,953,12.88,7,WR,137,15,21,56
57,A.J. Green,ajgreewr,CIN,26,13,13,0,0,0,0,0,2,2,1,0,117,69,1041,15.09,6,WR,136,15,23,57
58,Tom Brady,tombradqb,NWE,37,16,16,373,582,4109,33,9,36,57,1.58,0,0,0,0,,0,QB,280,14,8,58
59,Jordan Matthews,jordmattwr,PHI,22,16,10,0,0,0,0,0,0,0,,0,103,67,872,13.01,8,WR,135,14,24,59
60,Ryan Tannehill,ryantannqb,MIA,26,16,16,392,590,4045,27,12,56,311,5.55,1,1,1,-4,-4,0,QB,279,13,9,60
61,Andre Ellington,andrellirb,ARI,25,12,12,0,0,0,0,0,201,660,3.28,3,64,46,395,8.59,2,RB,132,12,19,61
62,Sammy Watkins,sammwatkwr,BUF,21,16,16,0,0,0,0,0,2,8,4,0,128,65,982,15.11,6,WR,133,11,25,62
63,Julian Edelman,juliedelwr,NWE,28,14,13,0,0,0,0,0,10,94,9.4,0,134,92,972,10.57,4,WR,133,11,26,63
64,Roddy White,roddwhitwr,ATL,33,14,14,0,0,0,0,0,0,0,,0,125,80,921,11.51,7,WR,132,11,27,64
65,Jason Witten,jasowittte,DAL,32,16,16,0,0,0,0,0,0,0,,0,90,64,703,10.98,5,TE,100,10,10,65
66,Andre Williams,andrwillrb,NYG,22,16,7,0,0,0,0,0,217,721,3.32,7,37,18,130,7.22,0,RB,127,8,20,66
67,Eric Decker,ericdeckwr,NYJ,27,15,15,0,0,0,0,0,0,0,,0,115,74,962,13,5,WR,126,5,28,67
68,Eli Manning,elimannqb,NYG,33,16,16,379,601,4410,30,14,12,31,2.58,1,0,0,0,,0,QB,270,4,10,68
69,Fred Jackson,fredjackrb,BUF,33,14,9,0,1,0,0,0,141,525,3.72,2,90,66,501,7.59,1,RB,123,3,21,69
70,Steven Jackson,stevjackrb,ATL,31,15,15,0,0,0,0,0,190,707,3.72,6,27,20,148,7.4,0,RB,122,2,22,70
71,Heath Miller,heatmillte,PIT,32,16,16,0,0,0,0,0,0,0,,0,91,66,761,11.53,3,TE,92,2,11,71
72,Jonathan Stewart,jonastewrb,CAR,27,13,8,0,0,0,0,0,175,809,4.62,3,31,25,181,7.24,1,RB,121,2,23,72
73,Mohamed Sanu,mohasanuwr,CIN,25,16,13,3,3,79,1,0,7,51,7.29,0,98,56,790,14.11,5,WR,123,2,29,73
74,Tony Romo,tonyromoqb,DAL,34,15,15,304,435,3705,34,9,26,61,2.35,0,0,0,0,,0,QB,266,1,11,74
75,Richie Brockel,richbroc,CAR,28,4,0,0,0,0,0,0,0,0,,0,,0,0,,0,,,,1,75
76,Larry Donnell,larrdonnte,NYG,26,16,12,0,0,0,0,0,0,0,,0,92,63,623,9.89,6,TE,90,,12,76
77,Malcom Floyd,malcfloywr,SDG,33,16,16,0,0,0,0,0,0,0,,0,92,52,856,16.46,6,WR,122,,30,77
78,Philip Rivers,philriveqb,SDG,33,16,16,379,570,4286,31,18,37,102,2.76,0,0,0,0,,0,QB,266,,12,78
79,Joe Flacco,joeflacqb,BAL,29,16,16,344,554,3986,27,12,39,70,1.79,2,0,0,0,,0,QB,262,,13,
80,Jay Cutler,jaycutlqb,CHI,31,15,15,370,561,3812,28,18,39,191,4.9,2,0,0,0,,0,QB,256,,14,
81,Colin Kaepernick,colikaepqb,SFO,27,16,16,289,478,3369,19,10,104,639,6.14,1,0,0,0,,0,QB,251,,15,
82,Matthew Stafford,mattstafqb,DET,26,16,16,363,602,4257,22,12,43,93,2.16,2,0,0,0,,0,QB,250,,16,
83,Cam Newton,camnewtqb,CAR,25,14,14,262,448,3127,18,12,103,539,5.23,5,0,0,0,,0,QB,245,,17,
84,Alex Smith,alexsmitqb,KAN,30,15,15,303,464,3265,18,6,49,254,5.18,1,0,0,0,,0,QB,224,,18,
85,Andy Dalton,andydaltqb,CIN,27,16,16,309,481,3398,19,17,60,169,2.82,4,1,1,18,18,1,QB,223,,19,
86,Derek Carr,derecarrqb,OAK,23,16,16,348,599,3270,21,12,29,92,3.17,0,1,0,0,,0,QB,192,,20,
87,Ryan Fitzpatrick,ryanfitzqb,HOU,32,12,12,197,312,2483,17,8,50,184,3.68,2,0,0,0,,0,QB,180,,21,
88,Teddy Bridgewater,teddbridqb,MIN,22,13,12,259,402,2919,14,12,47,209,4.45,1,0,0,0,,0,QB,180,,22,
89,Kyle Orton,kyleortoqb,BUF,32,12,12,287,447,3018,18,10,15,14,0.93,1,0,0,0,,0,QB,176,,23,
90,Blake Bortles,blakbortqb,JAX,23,14,13,280,475,2908,11,17,56,419,7.48,0,0,0,0,,0,QB,174,,24,
91,Brian Hoyer,briahoyeqb,CLE,29,14,13,242,438,3326,12,13,24,39,1.63,0,0,0,0,,0,QB,159,,25,
92,Geno Smith,genosmitqb,NYJ,24,14,13,219,367,2525,13,13,59,238,4.03,1,1,0,0,,0,QB,157,,26,
93,Mark Sanchez,marksancqb,PHI,28,9,8,198,309,2418,14,11,34,87,2.56,1,0,0,0,,0,QB,139,,27,
94,Josh McCown,joshmccoqb,TAM,35,11,11,184,327,2206,11,14,25,127,5.08,3,0,0,0,,0,QB,127,,28,
95,Nick Foles,nickfoleqb,PHI,25,8,8,186,311,2163,13,10,16,68,4.25,0,0,0,0,,0,QB,119,,29,
96,Tre Mason,tremasorb,STL,21,12,9,0,0,0,0,0,179,765,4.27,4,26,16,148,9.25,1,RB,119,,24,
97,Eddie Royal,eddiroyawr,SDG,28,16,11,0,0,0,0,0,3,14,4.67,0,91,62,778,12.55,7,WR,119,,31,
98,Michael Floyd,michfloywr,ARI,25,16,14,0,0,0,0,0,1,2,2,0,99,47,841,17.89,6,WR,118,,32,
99,Marques Colston,marqcolswr,NOR,31,16,13,0,0,0,0,0,0,0,,0,100,59,902,15.29,5,WR,118,,33,
100,Brandon Marshall,branmarswr,CHI,30,13,13,0,0,0,0,0,0,0,,0,106,61,721,11.82,8,WR,118,,34,
101,Ahmad Bradshaw,ahmabradrb,IND,28,10,1,0,0,0,0,0,90,425,4.72,2,47,38,300,7.89,6,RB,117,,25,
102,Shane Vereen,shanvererb,NWE,25,16,6,0,0,0,0,0,96,391,4.07,2,77,52,447,8.6,3,RB,114,,26,
103,Isaiah Crowell,isaicrowrb,CLE,21,16,4,0,0,0,0,0,148,607,4.1,8,14,9,87,9.67,0,RB,113,,27,
104,Rueben Randle,ruebrandwr,NYG,23,16,13,0,0,0,0,0,0,0,,0,127,71,938,13.21,3,WR,112,,35,
105,Kendall Wright,kendwrigwr,TEN,25,14,11,0,0,0,0,0,4,54,13.5,0,93,57,715,12.54,6,WR,111,,36,
106,Kenny Stills,kennstilwr,NOR,22,15,7,0,0,0,0,0,1,-2,-2,0,83,63,931,14.78,3,WR,111,,37,
107,Vincent Jackson,vincjackwr,TAM,31,16,16,0,0,0,0,0,0,0,,0,142,70,1002,14.31,2,WR,110,,39,
108,Greg Jennings,gregjennwr,MIN,31,16,13,0,0,0,0,0,0,0,,0,92,59,742,12.58,6,WR,110,,38,
109,Terrance Williams,terrwillwr,DAL,25,16,16,0,0,0,0,0,0,0,,0,66,37,621,16.78,8,WR,110,,40,
110,Branden Oliver,branolivrb,SDG,23,14,7,0,0,0,0,0,160,582,3.64,3,45,36,271,7.53,1,RB,109,,28,
111,Rashad Jennings,rashjennrb,NYG,29,11,9,0,0,0,0,0,167,639,3.83,4,41,30,226,7.53,0,RB,109,,29,
112,Austin Davis,austdaviqb,STL,25,10,8,180,284,2001,12,9,16,36,2.25,0,0,0,0,,0,QB,108,,30,
113,Darren Sproles,darrsprorb,PHI,31,15,0,0,0,0,0,0,57,329,5.77,6,62,40,387,9.68,0,RB,106,,30,
114,Andre Johnson,andrjohnwr,HOU,33,15,15,0,0,0,0,0,0,0,,0,146,85,936,11.01,3,WR,106,,41,
115,Carson Palmer,carspalmqb,ARI,35,6,6,141,224,1626,11,3,8,25,3.13,0,1,0,0,,0,QB,106,,31,
116,Allen Hurns,allehurnwr,JAX,23,16,8,0,0,0,0,0,0,0,,0,97,51,677,13.27,6,WR,104,,43,
117,Martavis Bryant,martbryawr,PIT,23,10,3,0,0,0,0,0,3,12,4,0,48,26,549,21.12,8,WR,104,,42,
118,Terrance West,terrwestrb,CLE,23,14,6,0,0,0,0,0,171,673,3.94,4,13,11,64,5.82,1,RB,102,,31,
119,James Jones,jamejonewr,OAK,30,16,10,0,0,0,0,0,0,0,,0,112,73,666,9.12,6,WR,101,,44,
120,Robert Woods,robewoodwr,BUF,22,16,15,0,0,0,0,0,0,0,,0,104,65,699,10.75,5,WR,100,,45,
121,Knile Davis,knildavirb,KAN,23,16,1,0,0,0,0,0,134,463,3.46,6,25,16,147,9.19,1,RB,99,,32,
122,John Brown,johnbrowwr,ARI,24,16,5,0,0,0,0,0,3,-6,-2,0,102,48,696,14.5,5,WR,99,,47,
123,Doug Baldwin,dougbaldwr,SEA,26,16,16,0,0,0,0,0,1,8,8,0,98,66,825,12.5,3,WR,99,,46,
124,Keenan Allen,keenallewr,SDG,22,14,14,0,0,0,0,0,0,0,,0,121,77,783,10.17,4,WR,98,,48,
125,Jarvis Landry,jarvlandwr,MIA,22,16,11,0,0,0,0,0,2,-4,-2,0,112,84,758,9.02,5,WR,97,,49,
126,Andrew Hawkins,andrhawkwr,CLE,28,15,15,0,0,0,0,0,3,15,5,0,112,63,824,13.08,2,WR,96,,50,
127,Drew Stanton,drewstanqb,ARI,30,9,8,132,240,1711,7,5,25,63,2.52,0,0,0,0,,0,QB,95,,32,
128,Michael Crabtree,michcrabwr,SFO,27,16,16,0,0,0,0,0,1,4,4,0,108,68,698,10.26,4,WR,94,,52,
129,Kenny Britt,kennbritwr,STL,26,16,13,0,0,0,0,0,2,14,7,0,84,48,748,15.58,3,WR,94,,51,
130,Andre Holmes,andrholmwr,OAK,26,16,13,0,0,0,0,0,0,0,,0,99,47,693,14.74,4,WR,93,,53,
131,Pierre Garcon,piergarcwr,WAS,28,16,14,0,1,0,0,0,0,0,,0,105,68,752,11.06,3,WR,93,,54,
132,Denard Robinson,denarobirb,JAX,24,13,9,0,1,0,0,0,135,582,4.31,4,31,23,124,5.39,0,RB,91,,35,
133,Chris Johnson,chrijohnrb,NYJ,29,16,6,0,0,0,0,0,155,663,4.28,1,34,24,151,6.29,1,RB,91,,33,
134,Trent Richardson,trenrichrb,IND,24,15,12,0,0,0,0,0,159,519,3.26,3,34,27,229,8.48,0,RB,91,,34,
135,Larry Fitzgerald,larrfitzwr,ARI,31,14,13,0,0,0,0,0,0,0,,0,103,63,784,12.44,2,WR,90,,55,
136,Reggie Wayne,reggwaynwr,IND,36,15,15,0,0,0,0,0,0,0,,0,116,64,779,12.17,2,WR,90,,56,
137,Mike Glennon,mikeglenqb,TAM,25,6,5,117,203,1417,10,6,10,49,4.9,0,0,0,0,,0,QB,90,,33,
138,Robert Griffin,robegrifqb,WAS,24,9,7,147,214,1694,4,6,38,176,4.63,1,0,0,0,,0,QB,89,,34,
139,Shaun Hill,shauhillqb,STL,34,9,8,145,229,1657,8,7,10,10,1,1,1,1,0,0,0,QB,89,,35,
140,Kirk Cousins,kirkcousqb,WAS,26,6,5,126,204,1710,10,9,7,20,2.86,0,0,0,0,,0,QB,88,,36,
141,LeGarrette Blount,legablourb,2TM,28,16,1,0,0,0,0,0,125,547,4.38,5,12,10,54,5.4,0,RB,88,,36,
142,Dwayne Allen,dwayallete,IND,24,13,13,0,0,0,0,0,0,0,,0,50,29,395,13.62,8,TE,88,,13,
143,Charlie Whitehurst,charwhitqb,TEN,32,7,5,105,185,1326,7,2,20,90,4.5,0,0,0,10,,0,QB,87,,37,
144,Zach Ertz,zachertzte,PHI,24,16,5,0,0,0,0,0,0,0,,0,89,58,702,12.1,3,TE,86,,14,
145,Brandin Cooks,brancookwr,NOR,21,10,7,0,0,0,0,0,7,73,10.43,1,69,53,550,10.38,3,WR,86,,57,
146,Darren McFadden,darrmcfarb,OAK,27,16,12,0,1,0,0,0,155,534,3.45,2,56,36,212,5.89,0,RB,85,,38,
147,Roy Helu,royhelurb,WAS,26,14,0,0,0,0,0,0,40,216,5.4,1,47,42,477,11.36,2,RB,85,,37,
148,Alfred Blue,alfrbluerb,HOU,23,16,3,0,0,0,0,0,169,528,3.12,2,18,15,113,7.53,1,RB,82,,39,
149,Jared Cook,jarecookte,STL,27,16,6,0,0,0,0,0,1,0,0,0,99,52,634,12.19,3,TE,81,,15,
150,Ronnie Hillman,ronnhillrb,DEN,23,8,4,0,0,0,0,0,106,434,4.09,3,34,21,139,6.62,1,RB,81,,40,
151,Benny Cunningham,benncunnrb,STL,24,16,2,0,0,0,0,0,66,246,3.73,3,52,45,352,7.82,1,RB,80,,41,
152,Percy Harvin,percharvwr,2TM,26,13,12,0,0,0,0,0,33,202,6.12,1,78,51,483,9.47,1,WR,79,,58,
153,Charles Clay,charclayte,MIA,25,14,14,0,0,0,0,0,0,0,,0,84,58,605,10.43,3,TE,79,,16,
154,Jarius Wright,jariwrigwr,MIN,25,16,7,0,0,0,0,0,5,71,14.2,0,62,42,588,14,2,WR,78,,60,
155,Bobby Rainey,bobbrainrb,TAM,27,15,5,0,1,0,0,0,94,406,4.32,1,45,33,315,9.55,1,RB,78,,43,
156,Pierre Thomas,pierthomrb,NOR,30,11,3,0,0,0,0,0,45,222,4.93,2,55,45,378,8.4,1,RB,78,,44,
157,Bishop Sankey,bishsankrb,TEN,22,16,9,0,0,0,0,0,152,569,3.74,2,23,18,133,7.39,0,RB,78,,42,
158,Markus Wheaton,markwheawr,PIT,23,16,11,0,0,0,0,0,4,19,4.75,0,86,53,644,12.15,2,WR,78,,59,
159,Dwayne Bowe,dwaybowewr,KAN,30,15,15,0,0,0,0,0,0,0,,0,95,60,754,12.57,0,WR,77,,61,
160,Owen Daniels,owendanite,BAL,32,15,13,0,0,0,0,0,0,0,,0,79,48,527,10.98,4,TE,77,,17,
161,Nate Washington,natewashwr,TEN,31,16,11,0,0,0,0,0,0,0,,0,72,40,647,16.18,2,WR,77,,62,
162,Jermaine Gresham,jermgreste,CIN,26,15,15,0,0,0,0,0,0,0,,0,79,62,460,7.42,5,TE,76,,18,
163,Mychal Rivera,mychrivete,OAK,24,16,10,0,0,0,0,0,0,0,,0,99,58,534,9.21,4,TE,75,,19,
164,Riley Cooper,rilecoopwr,PHI,27,16,16,0,0,0,0,0,0,0,,0,95,55,577,10.49,3,WR,74,,63,
165,Jonas Gray,jonagrayrb,NWE,24,8,3,0,0,0,0,0,89,412,4.63,5,3,1,7,7,0,RB,72,,45,
166,Zach Mettenberger,zachmettqb,TEN,23,7,6,107,179,1412,8,7,5,4,0.8,0,0,0,0,,0,QB,71,,38,
167,Devin Hester,devihestwr,ATL,32,16,1,0,0,0,0,0,6,36,6,1,59,38,504,13.26,2,WR,70,,64,
168,Harry Douglas,harrdougwr,ATL,30,12,6,0,0,0,0,0,0,0,,0,74,51,556,10.9,2,WR,70,,65,
169,Allen Robinson,allerobiwr,JAX,21,10,8,0,0,0,0,0,0,0,,0,81,48,548,11.42,2,WR,69,,67,
170,Latavius Murray,latamurrrb,OAK,23,15,3,0,0,0,0,0,82,424,5.17,2,23,17,143,8.41,0,RB,69,,46,
171,Taylor Gabriel,taylgabrwr,CLE,23,16,2,0,0,0,0,0,4,10,2.5,0,72,36,621,17.25,1,WR,69,,66,
172,Miles Austin,mileaustwr,CLE,30,12,11,0,0,0,0,0,0,0,,0,73,47,568,12.09,2,WR,69,,68,
173,Doug Martin,dougmartrb,TAM,25,11,11,0,0,0,0,0,134,494,3.69,2,20,13,64,4.92,0,RB,68,,47,
174,Justin Hunter,justhuntwr,TEN,23,12,8,0,0,0,0,0,0,0,,0,67,28,498,17.79,3,WR,68,,69,
175,Scott Chandler,scotchante,BUF,29,16,5,0,0,0,0,0,0,0,,0,70,47,497,10.57,3,TE,68,,20,
176,Reggie Bush,reggbushrb,DET,29,11,9,0,0,0,0,0,76,297,3.91,2,56,40,253,6.33,0,RB,67,,50,
177,Cecil Shorts,cecishorwr,JAX,27,13,12,2,2,32,1,0,0,0,,0,110,53,557,10.51,1,WR,67,,70,
178,Ben Tate,bentaterb,3TM,26,11,7,0,0,0,0,0,124,390,3.15,4,,11,69,6.27,0,RB,67,,49,
179,Jerick McKinnon,jerimckirb,MIN,22,11,6,0,0,0,0,0,113,538,4.76,0,41,27,135,5,0,RB,67,,48,
180,Jerricho Cotchery,jerrcotcwr,CAR,32,15,13,0,0,0,0,0,0,0,,0,78,48,580,12.08,1,WR,66,,71,
181,Lorenzo Taliaferro,loretalirb,BAL,23,13,0,0,0,0,0,0,68,292,4.29,4,10,8,114,14.25,0,RB,65,,51,
182,Hakeem Nicks,hakenickwr,IND,26,16,6,0,0,0,0,0,0,0,,0,68,38,405,10.66,4,WR,65,,72,
183,Antone Smith,antosmitrb,ATL,29,10,0,0,0,0,0,0,23,144,6.26,2,15,13,222,17.08,3,RB,65,,52,
184,Jermaine Kearse,jermkearwr,SEA,24,15,14,1,1,17,0,0,2,15,7.5,0,69,38,537,14.13,1,WR,64,,74,
185,Jake Locker,jakelockqb,TEN,26,7,5,86,146,993,5,7,22,142,6.45,1,0,0,0,,0,QB,64,,39,
186,Donte Moncrief,dontmoncwr,IND,21,16,2,0,0,0,0,0,4,17,4.25,0,49,32,444,13.88,3,WR,64,,73,
187,Chris Hogan,chrihogawr,BUF,26,16,2,0,0,0,0,0,0,0,,0,61,41,426,10.39,4,WR,63,,75,
188,Davante Adams,davaadamwr,GNB,22,16,11,0,0,0,0,0,0,0,,0,66,38,446,11.74,3,WR,63,,76,
189,Colt McCoy,coltmccoqb,WAS,27,5,4,91,128,1057,4,3,16,66,4.13,1,0,0,0,,0,QB,63,,40,
190,Carlos Hyde,carlhyderb,SFO,24,14,0,0,0,0,0,0,83,333,4.01,4,16,12,68,5.67,0,RB,62,,53,
191,Cole Beasley,colebeaswr,DAL,25,16,2,0,0,0,0,0,0,0,,0,49,37,420,11.35,4,WR,62,,77,
192,Tim Wright,timwrigte,NWE,24,16,2,0,0,0,0,0,1,-2,-2,0,33,26,259,9.96,6,TE,62,,21,
193,Steve Johnson,stevjohnwr,SFO,28,13,1,0,0,0,0,0,0,0,,0,50,35,435,12.43,3,WR,62,,78,
194,Toby Gerhart,tobygerhrb,JAX,27,14,7,0,0,0,0,0,101,326,3.23,2,24,20,186,9.3,0,RB,61,,54,
195,Theo Riddick,theoriddrb,DET,23,14,2,0,0,0,0,0,20,51,2.55,0,50,34,316,9.29,4,RB,61,,55,
196,Anthony Dixon,anthdixorb,BUF,27,16,0,0,0,0,0,0,105,432,4.11,2,9,8,49,6.13,0,RB,60,,56,
197,Robert Turbin,robeturbrb,SEA,25,16,3,0,0,0,0,0,74,310,4.19,0,20,16,186,11.63,2,RB,60,,57,
198,Charles Johnson,charjohnwr,MIN,25,12,6,0,0,0,0,0,1,-11,-11,0,59,31,475,15.32,2,WR,60,,79,
199,Cordarrelle Patterson,cordpattwr,MIN,23,16,7,0,0,0,0,0,10,117,11.7,1,67,33,384,11.64,1,WR,60,,80,
200,Jeremy Kerley,jerekerlwr,NYJ,26,16,7,0,1,0,0,0,4,86,21.5,0,75,38,409,10.76,1,WR,60,,81,
201,Brian Hartline,briahartwr,MIA,28,16,16,0,0,0,0,0,0,0,,0,63,39,474,12.15,2,WR,59,,82,
202,EJ Manuel,ejmanuqb,BUF,24,5,4,76,131,838,5,3,16,52,3.25,1,0,0,0,,0,QB,59,,41,
203,James Starks,jamestarrb,GNB,28,16,0,0,0,0,0,0,85,333,3.92,2,29,18,140,7.78,0,RB,59,,58,
204,Tavon Austin,tavoaustwr,STL,23,15,8,0,0,0,0,0,36,224,6.22,2,44,31,242,7.81,0,WR,59,,83,
205,Wes Welker,weswelkwr,DEN,33,14,8,0,0,0,0,0,0,0,,0,64,49,464,9.47,2,WR,58,,84,
206,Ryan Mathews,ryanmathrb,SDG,27,6,6,0,0,0,0,0,74,330,4.46,3,10,9,69,7.67,0,RB,58,,59,
207,Devonta Freeman,devofreerb,ATL,22,16,0,0,0,0,0,0,65,248,3.82,1,37,30,225,7.5,1,RB,57,,60,
208,Khiry Robinson,khirrobirb,NOR,25,10,3,0,0,0,0,0,76,362,4.76,3,11,8,63,7.88,0,RB,57,,61,
209,Luke Willson,lukewillte,SEA,24,15,10,0,0,0,0,0,0,0,,0,40,22,362,16.45,3,TE,56,,22,
210,Brian Quick,briaquicwr,STL,25,7,7,0,0,0,0,0,0,0,,0,39,25,375,15,3,WR,56,,85,
211,Lance Kendricks,lanckendte,STL,26,16,14,0,0,0,0,0,0,0,,0,38,27,259,9.59,5,TE,56,,23,
212,Andre Roberts,andrrobewr,WAS,26,16,4,0,0,0,0,0,2,21,10.5,0,73,36,453,12.58,2,WR,55,,86,
213,Niles Paul,nilepaulte,WAS,25,16,7,0,0,0,0,0,0,0,,0,52,39,507,13,1,TE,55,,24,
214,Stepfan Taylor,steptaylrb,ARI,23,14,4,0,0,0,0,0,63,208,3.3,1,15,11,79,7.18,3,RB,55,,62,
215,Jordan Cameron,jordcamete,CLE,26,10,9,0,0,0,0,0,0,0,,0,48,24,424,17.67,2,TE,54,,25,
216,Andrew Quarless,andrquarte,GNB,26,16,11,0,0,0,0,0,0,0,,0,46,29,323,11.14,3,TE,54,,26,
217,Jacquizz Rodgers,jacqrodgrb,ATL,24,16,1,0,0,0,0,0,58,217,3.74,1,40,29,173,5.97,1,RB,53,,63,
218,Preston Parker,presparkwr,NYG,27,16,7,0,0,0,0,0,0,0,,0,56,36,418,11.61,2,WR,52,,87,
219,Derek Anderson,dereandeqb,CAR,31,6,2,65,97,701,5,0,8,24,3,0,0,0,0,,0,QB,52,,42,
220,Dan Herron,danherrrb,IND,25,16,3,0,0,0,0,0,78,351,4.5,1,26,21,173,8.24,0,RB,52,,64,
221,Shonn Greene,shongreerb,TEN,29,13,5,0,0,0,0,0,94,392,4.17,2,3,1,13,13,0,RB,51,,66,
222,Stedman Bailey,stedbailwr,STL,24,14,3,0,0,0,0,0,1,13,13,0,46,30,435,14.5,1,WR,51,,88,
223,Travis Benjamin,travbenjwr,CLE,25,16,0,0,0,0,0,0,3,11,3.67,0,46,18,314,17.44,3,WR,51,,89,
224,Joseph Randle,joserandrb,DAL,23,16,0,0,0,0,0,0,51,343,6.73,3,5,4,23,5.75,0,RB,51,,65,
225,Louis Murphy,louimurpwr,TAM,27,11,3,0,0,0,0,0,0,0,,0,56,31,380,12.26,2,WR,50,,90,
226,Jordan Todman,jordtodmrb,JAX,24,16,1,0,0,0,0,0,32,186,5.81,1,37,25,198,7.92,1,RB,50,,67,
227,Marqise Lee,marqleewr,JAX,23,13,8,0,0,0,0,0,3,9,3,0,69,37,422,11.41,1,WR,49,,92,
228,Philly Brown,philbrowwr,CAR,23,13,3,0,0,0,0,0,8,95,11.88,0,36,21,296,14.1,2,WR,49,,91,
229,Jace Amaro,jaceamarte,NYJ,22,14,4,0,0,0,0,0,0,0,,0,53,38,345,9.08,2,TE,49,,28,
230,Anthony Fasano,anthfasate,KAN,30,15,13,0,0,0,0,0,0,0,,0,36,25,226,9.04,4,TE,49,,27,
231,Josh Hill,joshhillte,NOR,24,16,3,0,0,0,0,0,0,0,,0,20,14,176,12.57,5,TE,48,,29,
232,Bernard Pierce,bernpierrb,BAL,24,13,2,0,0,0,0,0,93,366,3.94,2,6,2,13,6.5,0,RB,48,,69,
233,Stevan Ridley,stevridlrb,NWE,25,6,5,0,0,0,0,0,94,340,3.62,2,5,4,20,5,0,RB,48,,68,
234,Juwan Thompson,juwathomrb,DEN,22,15,0,0,0,0,0,0,54,272,5.04,3,7,4,25,6.25,0,RB,48,,70,
235,C.J. Spiller,cjspilrb,BUF,27,9,5,0,0,0,0,0,78,300,3.85,0,22,19,125,6.58,1,RB,47,,72,
236,Zac Stacy,zacstacrb,STL,23,13,5,0,0,0,0,0,76,293,3.86,1,23,18,152,8.44,0,RB,47,,71,
237,Jordan Reed,jordreedte,WAS,24,11,2,0,0,0,0,0,0,0,,0,65,50,465,9.3,0,TE,45,,30,
238,Kamar Aiken,kamaaikewr,BAL,25,16,0,0,0,0,0,0,0,0,,0,32,24,267,11.13,3,WR,45,,93,
239,Michael Vick,michvickqb,NYJ,34,10,3,64,121,604,3,2,26,153,5.88,0,0,0,0,,0,QB,45,,43,
240,Donald Brown,donabrowrb,SDG,27,13,3,0,0,0,0,0,85,223,2.62,0,41,29,211,7.28,0,RB,43,,73,
241,Jeff Cumberland,jeffcumbte,NYJ,27,16,14,0,0,0,0,0,0,0,,0,47,23,247,10.74,3,TE,43,,31,
242,Chris Polk,chripolkrb,PHI,25,14,0,0,0,0,0,0,46,172,3.74,4,3,2,16,8,0,RB,43,,75,
243,John Carlson,johncarlrb,ARI,30,16,12,0,0,0,0,0,0,0,,0,55,33,350,10.61,1,RB,43,,74,
244,Charles Sims,charsimsrb,TAM,24,8,0,0,0,0,0,0,66,185,2.8,1,27,19,190,10,0,RB,42,,76,
245,Daniel Fells,danifellte,NYG,31,16,9,0,0,0,0,0,0,0,,0,20,16,188,11.75,4,TE,41,,32,
246,Damaris Johnson,damajohnwr,HOU,25,16,8,0,0,0,0,0,5,19,3.8,0,49,31,331,10.68,1,WR,41,,95,
247,Daniel Thomas,danithomrb,MIA,27,12,0,0,0,0,0,0,44,168,3.82,2,19,13,121,9.31,0,RB,41,,77,
248,Jason Avant,jasoavanwr,2TM,31,16,0,0,0,0,0,0,1,1,1,0,62,34,353,10.38,1,WR,41,,94,
249,Victor Cruz,victcruzwr,NYG,28,6,6,0,0,0,0,0,0,0,,0,41,23,337,14.65,1,WR,40,,97,
250,Darrel Young,darryounrb,WAS,27,16,10,0,0,0,0,0,9,22,2.44,3,14,11,81,7.36,2,RB,40,,78,
251,Dion Sims,dionsimste,MIA,23,14,2,0,0,0,0,0,0,0,,0,36,24,284,11.83,2,TE,40,,33,
252,Brice Butler,bricbutlwr,OAK,24,15,0,0,0,0,0,0,0,0,,0,35,21,280,13.33,2,WR,40,,96,
253,Marcel Reece,marcreecrb,OAK,29,15,15,0,0,0,0,0,21,85,4.05,0,59,37,265,7.16,1,RB,39,,79,
254,Brent Celek,brencelete,PHI,29,16,15,0,0,0,0,0,0,0,,0,51,32,340,10.63,1,TE,38,,34,
255,Dexter McCluster,dextmcclrb,TEN,25,14,2,0,0,0,0,0,40,131,3.28,0,36,26,197,7.58,1,RB,37,,81,
256,Damien Williams,damiwillrb,MIA,,16,0,0,0,0,0,0,36,122,3.39,0,27,21,187,8.9,1,RB,37,,80,
257,Vernon Davis,verndavite,SFO,30,14,14,0,0,0,0,0,1,4,4,0,50,26,245,9.42,2,TE,37,,35,
258,Clay Harbor,clayharbte,JAX,27,13,8,0,0,0,0,0,0,0,,0,35,26,289,11.12,1,TE,37,,36,
259,Brandon Gibson,brangibswr,MIA,27,14,5,0,0,0,0,0,0,0,,0,51,29,295,10.17,1,WR,36,,98,
260,Brandon Lloyd,branlloywr,SFO,33,14,3,0,0,0,0,0,0,0,,0,35,14,294,21,1,WR,35,,99,
261,Richard Rodgers,richrodgte,GNB,22,16,5,0,0,0,0,0,0,0,,0,30,20,225,11.25,2,TE,35,,39,
262,Travaris Cadet,travcaderb,NOR,25,15,1,0,0,0,0,0,10,32,3.2,0,51,38,296,7.79,1,RB,35,,82,
263,Jaron Brown,jarobrowwr,ARI,24,16,2,0,0,0,0,0,0,0,,0,32,22,229,10.41,2,WR,35,,100,
264,Gavin Escobar,gaviescote,DAL,23,16,1,0,0,0,0,0,0,0,,0,13,9,105,11.67,4,TE,35,,40,
265,Marcedes Lewis,marclewite,JAX,30,8,8,0,0,0,0,0,0,0,,0,31,18,206,11.44,2,TE,35,,38,
266,Kyle Rudolph,kylerudote,MIN,25,9,8,0,0,0,0,0,0,0,,0,34,24,231,9.63,2,TE,35,,37,
267,Lance Moore,lancmoorwr,PIT,31,14,2,0,0,0,0,0,0,0,,0,26,14,198,14.14,2,WR,34,,101,
268,Levine Toilolo,levitoilte,ATL,23,16,16,0,0,0,0,0,0,0,,0,54,31,238,7.68,2,TE,34,,41,
269,Leon Washington,leonwashrb,TEN,32,16,0,0,0,0,0,0,13,57,4.38,0,31,22,159,7.23,2,RB,34,,83,
270,De'Anthony Thomas,deanthomrb,KAN,21,12,3,0,0,0,0,0,14,113,8.07,1,31,23,156,6.78,0,RB,33,,84,
271,Fozzy Whittaker,fozzwhitrb,CAR,25,10,1,0,0,0,0,0,32,145,4.53,1,6,5,60,12,1,RB,33,,85,
272,Paul Richardson,paulrichwr,SEA,22,15,6,0,0,0,0,0,0,0,,0,44,29,271,9.34,1,WR,33,,103,
273,Jeremy Ross,jererosswr,DET,26,16,13,0,0,0,0,0,2,-1,-0.5,0,35,24,314,13.08,1,WR,33,,102,
274,Lance Dunbar,lancdunbrb,DAL,24,16,0,0,0,0,0,0,29,99,3.41,0,22,18,217,12.06,0,RB,32,,86,
275,Ricardo Lockette,ricalockwr,SEA,28,16,0,0,0,0,0,0,1,2,2,0,15,11,195,17.73,2,WR,32,,104,
276,Chase Ford,chasfordte,MIN,24,11,5,0,0,0,0,0,0,0,,0,35,23,258,11.22,1,TE,32,,43,
277,Austin Seferian-Jenkins,austsefete,TAM,22,9,9,0,0,0,0,0,0,0,,0,38,21,221,10.52,2,TE,32,,42,
278,Eric Ebron,ericebrote,DET,21,13,7,0,0,0,0,0,0,0,,0,47,25,248,9.92,1,TE,31,,44,
279,Cooper Helfet,coophelfte,SEA,25,10,2,0,0,0,0,0,0,0,,0,24,12,185,15.42,2,TE,31,,45,
280,Derek Hagan,derehagawr,TEN,30,16,3,0,0,0,0,0,0,0,,0,34,19,254,13.37,1,WR,31,,105,
281,Jim Dray,jimdrayte,CLE,28,16,8,0,0,0,0,0,0,0,,0,27,17,242,14.24,1,TE,30,,46,
282,Chad Henne,chadhennqb,JAX,29,3,3,42,78,492,3,1,4,25,6.25,0,0,0,0,,0,QB,30,,44,
283,Bruce Miller,brucmillrb,SFO,27,16,8,0,0,0,0,0,6,9,1.5,0,25,18,189,10.5,2,RB,30,,87,
284,Josh Gordon,joshgordwr,CLE,23,5,5,0,1,0,0,0,0,0,,0,47,24,303,12.63,0,WR,30,,106,
285,Bilal Powell,bilapowerb,NYJ,26,15,1,0,0,0,0,0,33,141,4.27,1,15,11,92,8.36,0,RB,29,,88,
286,Rhett Ellison,rhetellite,MIN,26,16,13,0,0,0,0,0,0,0,,0,26,19,208,10.95,1,TE,29,,47,
287,Bryce Brown,brycbrowrb,BUF,23,7,2,0,0,0,0,0,36,126,3.5,0,25,16,176,11,0,RB,28,,89,
288,Ben Watson,benwatste,NOR,34,16,8,0,0,0,0,0,0,0,,0,31,20,136,6.8,2,TE,28,,48,
289,Kenbrell Thompkins,kenbthomwr,2TM,26,14,7,0,0,0,0,0,2,5,2.5,0,48,21,262,12.48,0,WR,27,,108,
290,Montee Ball,montballrb,DEN,24,5,3,0,0,0,0,0,55,172,3.13,1,13,9,62,6.89,0,RB,27,,90,
291,Bruce Ellington,brucelliwr,SFO,23,13,0,0,0,0,0,0,6,28,4.67,1,12,6,62,10.33,2,WR,27,,107,
292,Garrett Graham,garrgrahte,HOU,28,11,9,0,0,0,0,0,0,0,,0,28,18,197,10.94,1,TE,26,,49,
293,Rishard Matthews,rishmattwr,MIA,25,14,0,0,0,0,0,0,1,3,3,0,22,12,135,11.25,2,WR,26,,112,
294,Kerwynn Williams,kerwwillrb,ARI,23,5,0,0,0,0,0,0,53,246,4.64,0,6,2,11,5.5,0,RB,26,,91,
295,Marlon Brown,marlbrowwr,BAL,23,14,1,0,0,0,0,0,0,0,,0,31,24,255,10.63,0,WR,26,,113,
296,Danny Amendola,dannamenwr,NWE,29,16,4,0,0,0,0,0,0,0,,0,42,27,200,7.41,1,WR,26,,109,
297,Albert Wilson,albewilswr,KAN,22,12,2,0,0,0,0,0,0,0,,0,28,16,260,16.25,0,WR,26,,110,
298,Nick Toon,nicktoonwr,NOR,26,8,2,0,0,0,0,0,1,4,4,0,23,17,215,12.65,1,WR,26,,111,
299,Greg Salas,gregsalawr,NYJ,26,10,2,0,0,0,0,0,1,20,20,1,23,8,167,20.88,0,WR,25,,116,
300,Corey Fuller,corefullwr,DET,24,16,2,0,0,0,0,0,0,0,,0,31,14,212,15.14,1,WR,25,,115,
301,Brandon Tate,brantatewr,CIN,27,16,4,0,0,0,0,0,3,21,7,0,26,17,193,11.35,1,WR,25,,114,
302,Jack Doyle,jackdoylte,IND,24,16,1,0,0,0,0,0,0,0,,0,22,18,118,6.56,2,TE,24,,50,
303,Jonathan Grimes,jonagrimrb,HOU,25,16,0,0,0,0,0,0,39,153,3.92,0,8,6,86,14.33,0,RB,24,,94,
304,Silas Redd,silareddrb,WAS,22,15,0,0,0,0,0,0,16,75,4.69,1,10,8,107,13.38,0,RB,24,,93,
305,DeAngelo Williams,deanwillrb,CAR,31,6,6,0,0,0,0,0,62,219,3.53,0,6,5,44,8.8,0,RB,24,,92,
306,Case Keenum,casekeenqb,2TM,26,2,2,45,77,435,2,2,10,35,3.5,0,,0,0,,0,QB,23,,45,
307,Matt Cassel,mattcassqb,MIN,32,3,3,41,71,425,3,4,9,18,2,0,0,0,0,,0,QB,23,,46,
308,Ladarius Green,ladagreete,SDG,24,14,4,0,0,0,0,0,0,0,,0,25,19,226,11.89,0,TE,23,,51,
309,Eric Weems,ericweemwr,ATL,29,16,0,0,0,0,0,0,0,0,,0,11,10,102,10.2,2,WR,22,,118,
310,Ryan Lindley,ryanlindqb,2TM,25,3,2,45,93,562,2,4,0,0,,0,,0,0,,0,QB,22,,47,
311,Ka'Deem Carey,kadecarerb,CHI,22,14,0,0,0,0,0,0,36,158,4.39,0,6,5,57,11.4,0,RB,22,,96,
312,Knowshon Moreno,knowmorerb,MIA,27,3,0,0,0,0,0,0,31,148,4.77,1,1,1,8,8,0,RB,22,,95,
313,Chris Givens,chrigivewr,STL,25,14,0,0,0,0,0,0,1,4,4,0,20,11,159,14.45,1,WR,22,,117,
314,Chris Owusu,chriowuswr,2TM,24,8,0,0,0,0,0,0,1,23,23,1,,6,78,13,1,WR,22,,119,
315,Jacob Tamme,jacotammte,DEN,29,15,0,0,0,0,0,0,0,0,,0,28,14,109,7.79,2,TE,21,,52,
316,Marquess Wilson,marqwilswr,CHI,22,7,6,0,0,0,0,0,0,0,,0,32,17,140,8.24,1,WR,20,,121,
317,Mike Williams,mikewillwr,BUF,27,9,0,0,0,0,0,0,0,0,,0,19,8,142,17.75,1,WR,20,,120,
318,Adam Thielen,adamthiewr,MIN,24,16,2,0,0,0,0,0,0,0,,0,13,8,137,17.13,1,WR,20,,122,
319,Ryan Mallett,ryanmallqb,HOU,26,3,2,41,75,400,2,2,6,-2,-0.33,0,0,0,0,,0,QB,20,,49,
320,Kyle Juszczyk,kylejuszrb,BAL,23,16,14,0,0,0,0,0,0,0,,0,27,19,182,9.58,1,RB,20,,97,
321,Storm Johnson,storjohnrb,JAX,22,6,1,0,0,0,0,0,29,86,2.97,2,1,1,-4,-4,0,RB,20,,99,
322,Peyton Hillis,peythillrb,NYG,28,9,0,0,0,0,0,0,26,115,4.42,0,16,10,87,8.7,0,RB,20,,98,
323,Brandon Weeden,branweedqb,DAL,31,5,1,24,41,303,3,2,6,-1,-0.17,0,0,0,0,,0,QB,20,,48,
324,Tony Moeaki,tonymoeate,SEA,27,6,2,0,0,0,0,0,0,0,,0,13,8,134,16.75,1,TE,19,,53,
325,Brandon Myers,branmyerte,TAM,29,14,6,0,0,0,0,0,0,0,,0,32,22,190,8.64,0,TE,19,,54,
326,Christine Michael,chrimichrb,SEA,24,10,0,0,0,0,0,0,34,175,5.15,0,2,1,12,12,0,RB,19,,101,
327,Joe McKnight,joemcknrb,KAN,26,2,0,0,0,0,0,0,1,3,3,0,7,6,64,10.67,2,RB,19,,100,
328,Brenton Bersin,brenberswr,CAR,24,15,1,0,0,0,0,0,0,0,,0,20,13,151,11.62,1,WR,19,,123,
329,James Casey,jamecasete,PHI,30,16,2,0,0,0,0,0,0,0,,0,3,3,59,19.67,2,TE,18,,56,
330,Ed Dickson,eddickte,CAR,27,16,10,0,0,0,0,0,0,0,,0,17,10,115,11.5,1,TE,18,,57,
331,Crockett Gillmore,crocgillte,BAL,23,15,1,0,0,0,0,0,0,0,,0,15,10,121,12.1,1,TE,18,,55,
332,Ted Ginn,tedginnwr,ARI,29,16,0,1,1,10,0,0,3,6,2,0,26,14,190,13.57,0,WR,18,,124,
333,Austin Pettis,austpettwr,2TM,26,9,0,0,0,0,0,0,0,0,,0,,12,118,9.83,1,WR,18,,125,
334,Mike Tolbert,miketolbrb,CAR,29,8,6,0,0,0,0,0,37,78,2.11,0,17,12,93,7.75,0,RB,17,,102,
335,John Kuhn,johnkuhnrb,GNB,32,16,2,0,0,0,0,0,24,85,3.54,1,4,4,23,5.75,0,RB,17,,103,
336,Maurice Jones-Drew,maurjonerb,OAK,29,12,1,0,0,0,0,0,43,96,2.23,0,16,11,71,6.45,0,RB,17,,104,
337,Matt Hasselbeck,matthassqb,IND,39,4,0,30,44,301,2,0,8,-11,-1.38,0,0,0,0,,0,QB,17,,50,
338,Michael Campanaro,michcampwr,BAL,23,4,0,0,0,0,0,0,0,0,,0,9,7,102,14.57,1,WR,16,,126,
339,Josh Morgan,joshmorgwr,CHI,29,14,7,0,0,0,0,0,2,30,15,0,19,10,70,7,1,WR,16,,127,
340,Joe Morgan,joemorgwr,NOR,26,5,2,0,0,0,0,0,1,67,67,0,10,4,92,23,0,WR,16,,128,
341,Donnie Avery,donnaverwr,KAN,30,6,3,0,0,0,0,0,0,0,,0,26,15,176,11.73,0,WR,16,,130,
342,Dontrelle Inman,dontinmawr,SDG,25,7,0,0,0,0,0,0,0,0,,0,17,12,158,13.17,0,WR,16,,129,
343,Jimmy Clausen,jimmclauqb,CHI,27,4,1,26,48,223,2,1,3,9,3,0,0,0,0,,0,QB,16,,51,
344,Brandon Bolden,branboldrb,NWE,24,16,2,0,0,0,0,0,28,89,3.18,1,6,2,8,4,0,RB,16,,106,
345,Gary Barnidge,garybarnte,CLE,29,13,2,0,0,0,0,0,0,0,,0,25,13,156,12,0,TE,16,,58,
346,Jonathan Dwyer,jonadwyerb,ARI,25,2,0,0,0,0,0,0,16,51,3.19,1,3,2,8,4,0,RB,16,,105,
347,Robert Hughes,robehughrb,ARI,25,16,4,0,0,0,0,0,7,11,1.57,0,12,8,140,17.5,0,RB,15,,107,
348,Joe Banyard,joebanyrb,MIN,26,15,0,0,0,0,0,0,21,88,4.19,0,11,9,62,6.89,0,RB,15,,108,
349,Zurlon Tipton,zurltiptrb,IND,24,6,0,0,0,0,0,0,10,18,1.8,0,6,6,68,11.33,1,RB,15,,109,
350,Joseph Fauria,josefaurte,DET,24,7,0,0,0,0,0,0,0,0,,0,12,6,74,12.33,1,TE,15,,59,
351,Ryan Griffin,ryangrifte,HOU,24,16,2,0,0,0,0,0,0,0,,0,16,10,91,9.1,1,TE,15,,60,
352,T.J. Graham,tjgrahwr,NYJ,25,12,0,0,0,0,0,0,0,0,,0,8,3,87,29,1,WR,15,,131,
353,Rex Burkhead,rexburkrb,CIN,24,9,0,0,0,0,0,0,9,27,3,1,10,7,49,7,0,RB,14,,112,
354,Jamize Olawale,jamiolawrb,OAK,25,16,0,0,0,0,0,0,2,0,0,0,6,5,18,3.6,2,RB,14,,111,
355,Rod Streater,rodstrewr,OAK,26,3,3,0,0,0,0,0,0,0,,0,13,9,84,9.33,1,WR,14,,132,
356,Brian Tyms,briatymswr,NWE,25,11,2,0,0,0,0,0,0,0,,0,11,5,82,16.4,1,WR,14,,133,
357,Anthony Sherman,anthsherrb,KAN,26,16,6,0,0,0,0,0,2,8,4,0,14,10,71,7.1,1,RB,14,,110,
358,Virgil Green,virggreete,DEN,26,13,9,0,0,0,0,0,2,3,1.5,0,6,6,74,12.33,1,TE,14,,61,
359,Cory Harkey,coryharkrb,STL,24,16,13,0,0,0,0,0,0,0,,0,11,8,55,6.88,1,RB,14,,113,
360,Dennis Pitta,dennpittte,BAL,29,3,3,0,0,0,0,0,0,0,,0,21,16,125,7.81,0,TE,13,,65,
361,Orleans Darkwa,orledarkrb,2TM,22,11,0,0,0,0,0,0,9,23,2.56,1,,5,48,9.6,0,RB,13,,114,
362,Marion Grice,marigricrb,ARI,23,10,0,0,1,0,0,0,15,41,2.73,1,11,7,29,4.14,0,RB,13,,115,
363,MarQueis Gray,marqgrayte,2TM,25,13,5,0,0,0,0,0,0,0,,0,,9,134,14.89,0,TE,13,,62,
364,Rob Housler,robhouste,ARI,26,15,7,0,0,0,0,0,1,1,1,0,17,9,129,14.33,0,TE,13,,63,
365,Matt Spaeth,mattspaete,PIT,31,15,8,0,0,0,0,0,0,0,,0,4,3,46,15.33,1,TE,13,,64,
366,Santana Moss,santmosswr,WAS,35,10,0,0,0,0,0,0,0,0,,0,15,10,116,11.6,0,WR,12,,137,
367,Johnny Manziel,johnmanzqb,CLE,22,5,2,18,35,175,0,2,9,29,3.22,1,0,0,0,,0,QB,12,,54,
368,Jimmy Garoppolo,jimmgaroqb,NWE,23,6,0,19,27,182,1,0,10,9,0.9,0,0,0,0,,0,QB,12,,53,
369,Chase Coffman,chascoffte,TEN,28,13,3,0,0,0,0,0,0,0,,0,14,6,64,10.67,1,TE,12,,66,
370,Logan Paulsen,logapaulte,WAS,27,16,12,0,0,0,0,0,0,0,,0,16,13,78,6,1,TE,12,,67,
371,Dante Rosario,dantrosate,CHI,30,16,3,0,0,0,0,0,0,0,,0,22,16,116,7.25,0,TE,12,,68,
372,Christian Ponder,chripondqb,MIN,26,2,1,22,44,222,0,2,4,16,4,1,0,0,0,,0,QB,12,,52,
373,Robert Herron,robeherrwr,TAM,22,8,0,0,0,0,0,0,1,0,0,0,12,6,58,9.67,1,WR,12,,136,
374,Vincent Brown,vincbrowwr,OAK,25,7,0,0,0,0,0,0,0,0,,0,21,12,118,9.83,0,WR,12,,135,
375,John Conner,johnconnrb,NYJ,27,12,3,0,0,0,0,0,6,20,3.33,0,3,2,35,17.5,1,RB,12,,118,
376,Jed Collins,jedcollrb,DET,28,16,2,0,0,0,0,0,8,19,2.38,0,6,5,39,7.8,1,RB,12,,117,
377,Patrick DiMarco,patrdimarb,ATL,25,16,7,0,0,0,0,0,0,0,,0,14,9,62,6.89,1,RB,12,,116,
378,James Wright,jamewrigwr,CIN,23,11,0,0,0,0,0,0,3,30,10,0,16,5,91,18.2,0,WR,12,,134,
379,Chris Gragg,chrigragte,BUF,24,10,5,0,0,0,0,0,0,0,,0,10,7,48,6.86,1,TE,11,,70,
380,Derek Carrier,derecarrte,SFO,24,11,1,0,0,0,0,0,1,2,2,0,14,9,105,11.67,0,TE,11,,71,
381,Chris Ogbonnaya,chriogborb,2TM,28,7,0,0,0,0,0,0,14,50,3.57,1,,0,0,,0,RB,11,,119,
382,Ronnie Brown,ronnbrowrb,2TM,33,10,0,0,0,0,0,0,20,63,3.15,0,8,5,44,8.8,0,RB,11,,121,
383,Robert Meachem,robemeacwr,NOR,30,11,2,0,0,0,0,0,0,0,,0,20,7,114,16.29,0,WR,11,,138,
384,Darrin Reaves,darrreavrb,CAR,21,6,1,0,0,0,0,0,31,78,2.52,0,8,5,31,6.2,0,RB,11,,120,
385,Adrien Robinson,adrirobite,NYG,25,16,1,0,0,0,0,0,0,0,,0,7,5,50,10,1,TE,11,,69,
386,Corey Washington,corewashwr,NYG,23,14,0,0,0,0,0,0,0,0,,0,8,5,52,10.4,1,WR,11,,139,
387,Junior Hemingway,junihemiwr,KAN,26,14,1,0,0,0,0,0,0,0,,0,22,12,108,9,0,WR,11,,140,
388,Denarius Moore,denamoorwr,OAK,26,10,2,0,0,0,0,0,1,1,1,0,27,12,115,9.58,0,WR,10,,142,
389,Chris Thompson,chrithomrb,WAS,24,2,0,0,0,0,0,0,3,12,4,0,7,6,27,4.5,1,RB,10,,122,
390,Kevin Norwood,kevinorwwr,SEA,25,9,2,0,0,0,0,0,0,0,,0,10,9,102,11.33,0,WR,10,,141,
391,Austin Johnson,austjohnrb,NOR,25,7,1,0,0,0,0,0,8,22,2.75,0,2,2,15,7.5,1,RB,10,,123,
392,Brian Leonhardt,brialeonte,OAK,24,12,3,0,0,0,0,0,0,0,,0,8,6,35,5.83,1,TE,10,,73,
393,Lee Smith,leesmitte,BUF,27,14,10,0,0,0,0,0,0,0,,0,8,7,42,6,1,TE,10,,72,
394,Jackie Battle,jackbattrb,TEN,31,16,1,0,0,0,0,0,5,9,1.8,1,5,5,28,5.6,0,RB,10,,124,
395,Adrian Peterson,adripeterb,MIN,29,1,1,0,0,0,0,0,21,75,3.57,0,3,2,18,9,0,RB,9,,125,
396,Cyrus Gray,cyrugrayrb,KAN,25,9,0,0,0,0,0,0,8,31,3.88,1,0,0,0,,0,RB,9,,126,
397,Frank Summers,fransummrb,BUF,29,10,6,0,0,0,0,0,6,17,2.83,1,8,5,9,1.8,0,RB,9,,128,
398,Derrick Coleman,derrcolerb,SEA,24,5,1,0,0,0,0,0,0,0,,0,2,2,29,14.5,1,RB,9,,127,
399,David Nelson,davinelswr,NYJ,28,6,5,0,0,0,0,0,0,0,,0,16,8,65,8.13,0,WR,9,,144,
400,Josh Huff,joshhuffwr,PHI,23,12,0,0,0,0,0,0,1,7,7,0,18,8,98,12.25,0,WR,9,,145,
401,Ryan Hewitt,ryanhewite,CIN,23,16,11,0,0,0,0,0,1,0,0,0,15,10,86,8.6,0,TE,9,,75,
402,A.J. Jenkins,ajjenkwr,KAN,25,9,2,0,0,0,0,0,2,-2,-1,0,15,9,93,10.33,0,WR,9,,143,
403,C.J. Fiedorowicz,cjfiedte,HOU,23,15,8,0,0,0,0,0,0,0,,0,7,4,28,7,1,TE,9,,74,
404,Zach Sudfeld,zachsudfte,NYJ,25,16,3,0,0,0,0,0,0,0,,0,7,5,85,17,0,TE,9,,76,
405,Dane Sanzenbacher,danesanzwr,CIN,26,10,1,0,0,0,0,0,1,-1,-1,0,15,9,105,11.67,0,WR,8,,146,
406,Will Ta'ufo'ou,willtaufrb,JAX,28,16,4,0,0,0,0,0,0,0,,0,8,7,81,11.57,0,RB,8,,129,
407,DuJuan Harris,dujuharrrb,GNB,26,15,0,0,0,0,0,0,16,64,4,0,2,1,11,11,0,RB,8,,130,
408,Dwayne Harris,dwayharrwr,DAL,27,16,0,0,0,0,0,0,4,7,1.75,0,12,7,116,16.57,0,WR,8,,147,
409,Chase Daniel,chasdaniqb,KAN,28,3,1,16,28,157,0,0,4,15,3.75,0,0,0,0,,0,QB,8,,55,
410,Zach Miller,zachmillte,SEA,29,3,3,0,0,0,0,0,0,0,,0,7,6,76,12.67,0,TE,8,,78,
411,Nic Jacobs,nicjacote,JAX,23,13,4,0,0,0,0,0,0,0,,0,3,2,16,8,1,TE,8,,77,
412,Keshawn Martin,keshmartwr,HOU,24,16,0,0,0,0,0,0,0,0,,0,12,6,78,13,0,WR,8,,148,
413,Mike Brown,mikebrowwr,JAX,25,5,1,0,0,0,0,0,0,0,,0,15,7,88,12.57,0,WR,7,,151,
414,Santonio Holmes,santholmwr,CHI,30,9,2,0,0,0,0,0,0,0,,0,14,8,67,8.38,0,WR,7,,153,
415,Ryan Grant,ryangranwr,WAS,24,16,2,0,0,0,0,0,0,0,,0,15,7,68,9.71,0,WR,7,,152,
416,Greg Little,greglittwr,CIN,25,6,1,0,0,0,0,0,0,0,,0,12,6,69,11.5,0,WR,7,,150,
417,Justin Brown,justbrowwr,PIT,23,8,1,0,0,0,0,0,0,0,,0,21,12,94,7.83,0,WR,7,,149,
418,Erik Lorig,eriklorirb,NOR,28,10,6,0,0,0,0,0,3,4,1.33,0,10,9,27,3,1,RB,7,,133,
419,Cedric Peerman,cedrpeerrb,CIN,28,16,0,0,0,0,0,0,15,43,2.87,0,5,3,27,9,0,RB,7,,134,
420,Danny Woodhead,dannwoodrb,SDG,29,3,0,0,0,0,0,0,15,38,2.53,0,6,5,34,6.8,0,RB,7,,132,
421,George Winn,georwinnrb,DET,24,12,0,0,0,0,0,0,19,73,3.84,0,3,0,0,,0,RB,7,,131,
422,Logan Thomas,logathomqb,ARI,23,2,0,1,9,81,1,0,0,0,,0,0,0,0,,0,QB,7,,56,
423,Darren Fells,darrfellte,ARI,28,10,5,0,0,0,0,0,0,0,,0,12,5,71,14.2,0,TE,7,,79,
424,Brandon Pettigrew,branpettte,DET,29,14,9,0,0,0,0,0,0,0,,0,15,10,70,7,0,TE,7,,80,
425,Blaine Gabbert,blaigabbqb,SFO,25,1,0,3,7,38,1,0,1,5,5,0,0,0,0,,0,QB,6,,58,
426,Brock Osweiler,brocosweqb,DEN,24,4,0,4,10,52,1,0,8,0,0,0,0,0,0,,0,QB,6,,57,
427,Jorvorskie Lane,jorvlanerb,TAM,27,9,4,0,0,0,0,0,3,58,19.33,0,1,1,3,3,0,RB,6,,136,
428,Brandon Bostick,branbostte,GNB,25,13,0,0,0,0,0,0,0,0,,0,4,2,3,1.5,1,TE,6,,82,
429,John Phillips,johnphilte,SDG,27,16,1,0,0,0,0,0,0,0,,0,1,1,1,1,1,TE,6,,84,
430,James White,jamewhitrb,NWE,23,3,0,0,0,0,0,0,9,38,4.22,0,5,5,23,4.6,0,RB,6,,135,
431,Russell Shepard,russshepwr,TAM,24,16,0,0,0,0,0,0,0,0,,0,8,4,63,15.75,0,WR,6,,154,
432,Bear Pascoe,bearpascte,ATL,28,16,2,0,0,0,0,0,0,0,,0,2,2,3,1.5,1,TE,6,,81,
433,Michael Palmer,michpalmte,PIT,26,15,1,0,0,0,0,0,0,0,,0,2,1,1,1,1,TE,6,,83,
434,Bryan Walters,bryawaltwr,SEA,27,13,0,0,0,0,0,0,1,-2,-2,0,11,6,57,9.5,0,WR,6,,155,
435,Marquise Goodwin,marqgoodwr,BUF,24,10,0,0,0,0,0,0,3,8,2.67,0,9,1,42,42,0,WR,5,,158,
436,Matt McGloin,mattmcglqb,OAK,25,1,0,12,19,129,1,2,2,3,1.5,0,0,0,0,,0,QB,5,,59,
437,Andre Caldwell,andrcaldwr,DEN,29,16,2,0,0,0,0,0,0,0,,0,15,5,47,9.4,0,WR,5,,159,
438,Jeff Maehl,jeffmaehwr,PHI,25,8,0,0,0,0,0,0,0,0,,0,5,5,46,9.2,0,WR,5,,160,
439,Kris Durham,krisdurhwr,TEN,26,4,0,0,0,0,0,0,0,0,,0,11,6,54,9,0,WR,5,,156,
440,Frankie Hammond,franhammwr,KAN,24,16,3,0,0,0,0,0,0,0,,0,11,4,45,11.25,0,WR,5,,162,
441,Seyi Ajirotutu,seyiajirwr,SDG,27,16,1,0,0,0,0,0,0,0,,0,12,4,45,11.25,0,WR,5,,161,
442,Trey Watts,treywattrb,STL,23,14,0,0,0,0,0,0,7,30,4.29,0,4,3,18,6,0,RB,5,,137,
443,James Develin,jamedeverb,NWE,26,16,4,0,0,0,0,0,3,5,1.67,0,8,6,43,7.17,0,RB,5,,138,
444,Kevin Ogletree,kevioglewr,NYG,27,7,0,0,0,0,0,0,0,0,,0,9,5,50,10,0,WR,5,,157,
445,Garrett Celek,garrcelete,SFO,26,3,1,0,0,0,0,0,0,0,,0,2,2,53,26.5,0,TE,5,,85,
446,James Hanna,jamehannte,DAL,25,16,12,0,0,0,0,0,0,0,,0,6,4,48,12,0,TE,5,,86,
447,Jerrel Jernigan,jerrjernwr,NYG,25,2,1,0,0,0,0,0,1,-2,-2,0,9,6,40,6.67,0,WR,4,,165,
448,Fitzgerald Toussaint,fitztousrb,BAL,24,4,0,0,0,0,0,0,6,12,2,0,6,3,27,9,0,RB,4,,142,
449,Michael Hoomanawanui,michhoomte,NWE,26,16,12,0,0,0,0,0,0,0,,0,6,3,44,14.67,0,TE,4,,87,
450,Luke Stocker,lukestocrb,TAM,26,13,7,0,0,0,0,0,0,0,,0,11,7,41,5.86,0,RB,4,,140,
451,Aaron Dobson,aarodobswr,NWE,23,4,1,0,0,0,0,0,0,0,,0,5,3,38,12.67,0,WR,4,,164,
452,Michael Cox,michcoxrb,NYG,26,4,0,0,0,0,0,0,4,33,8.25,0,3,2,9,4.5,0,RB,4,,139,
453,Quinton Patton,quinpattwr,SFO,24,4,0,0,0,0,0,0,1,20,20,0,8,3,44,14.67,0,WR,4,,163,
454,Troy Niklas,troyniklte,ARI,22,7,2,0,0,0,0,0,0,0,,0,3,3,38,12.67,0,TE,4,,89,
455,Tyler Eifert,tyleeifete,CIN,24,1,1,0,0,0,0,0,0,0,,0,3,3,37,12.33,0,TE,4,,90,
456,Connor Shaw,connshawqb,CLE,23,1,1,14,28,177,0,1,7,9,1.29,0,0,0,0,,0,QB,4,,60,
457,Will Johnson,willjohnrb,PIT,25,16,5,0,0,0,0,0,2,0,0,0,9,6,41,6.83,0,RB,4,,141,
458,Brandon Williams,branwillte,CAR,27,14,0,0,0,0,0,0,0,0,,0,8,4,44,11,0,TE,4,,88,
459,Ryan Broyles,ryanbroywr,DET,26,5,0,0,0,0,0,0,0,0,,0,5,2,25,12.5,0,WR,3,,167,
460,Alfonso Smith,alfosmitrb,SFO,27,6,0,0,0,0,0,0,7,19,2.71,0,4,3,11,3.67,0,RB,3,,145,
461,Jerome Felton,jerofeltrb,MIN,28,16,3,0,0,0,0,0,4,27,6.75,0,2,0,0,,0,RB,3,,146,
462,DeVier Posey,deviposewr,HOU,25,1,1,0,0,0,0,0,0,0,,0,1,1,30,30,0,WR,3,,166,
463,Tommy Bohanon,tommboharb,NYJ,24,4,2,0,0,0,0,0,1,3,3,0,2,2,30,15,0,RB,3,,143,
464,Mike James,mikejamerb,TAM,23,11,0,0,0,0,0,0,19,37,1.95,0,1,1,-5,-5,0,RB,3,,144,
465,Craig Stevens,craistevte,TEN,30,5,4,0,0,0,0,0,0,0,,0,2,2,26,13,0,TE,3,,92,
466,Phillip Supernaw,philsupete,2TM,24,8,1,0,0,0,0,0,0,0,,0,3,3,30,10,0,TE,3,,91,
467,Josh Harris,joshharrrb,PIT,23,5,0,0,0,0,0,0,9,16,1.78,0,0,0,0,,0,RB,2,,151,
468,Matt Simms,mattsimmqb,NYJ,26,1,0,3,8,39,0,0,1,2,2,0,0,0,0,,0,QB,2,,62,
469,Brian Leonard,brialeonrb,NOR,30,1,0,0,0,0,0,0,0,0,,0,1,1,15,15,0,RB,2,,152,
470,Cameron Brate,camebratte,TAM,23,5,1,0,0,0,0,0,0,0,,0,1,1,17,17,0,TE,2,,96,
471,Jarrett Boykin,jarrboykwr,GNB,25,13,3,0,0,0,0,0,0,0,,0,12,3,23,7.67,0,WR,2,,169,
472,Taylor Thompson,taylthomte,TEN,25,3,1,0,0,0,0,0,0,0,,0,4,2,24,12,0,TE,2,,93,
473,Demetrius Harris,demeharrte,KAN,23,8,3,0,0,0,0,0,0,0,,0,5,3,20,6.67,0,TE,2,,95,
474,Ray Agnew,rayagnerb,CLE,23,12,9,0,0,0,0,0,2,2,1,0,9,3,15,5,0,RB,2,,150,
475,Shaun Draughn,shaudraurb,3TM,27,10,0,0,0,0,0,0,10,19,1.9,0,,0,0,,0,RB,2,,149,
476,Solomon Patton,solopattwr,2TM,24,13,0,0,0,0,0,0,1,19,19,0,,0,0,,0,WR,2,,170,
477,Jeff Janis,jeffjaniwr,GNB,23,3,0,0,0,0,0,0,0,0,,0,2,2,16,8,0,WR,2,,172,
478,Devin Street,devistrewr,DAL,23,16,0,0,0,0,0,0,0,0,,0,7,2,18,9,0,WR,2,,171,
479,Cody Latimer,codylatiwr,DEN,22,8,0,0,0,0,0,0,0,0,,0,4,2,23,11.5,0,WR,2,,168,
480,Joe Webb,joewebbqb,CAR,28,7,0,0,0,0,0,0,0,0,,0,3,1,16,16,0,QB,2,,63,
481,Ryan Nassib,ryannassqb,NYG,24,4,0,4,5,60,0,0,2,-3,-1.5,0,0,0,0,,0,QB,2,,61,
482,Jeremy Stewart,jerestewrb,DEN,25,6,0,0,0,0,0,0,6,22,3.67,0,0,0,0,,0,RB,2,,148,
483,Jay Prosch,jayprosrb,HOU,22,16,5,0,0,0,0,0,0,0,,0,4,1,24,24,0,RB,2,,147,
484,Kevin Brock,kevibrocte,CIN,28,14,2,0,0,0,0,0,0,0,,0,6,5,21,4.2,0,TE,2,,94,
485,Brad Smith,bradsmitwr,PHI,31,13,0,0,0,0,0,0,0,0,,0,3,1,11,11,0,WR,1,,176,
486,Micheal Spurlock,michspurwr,CHI,31,1,0,0,0,0,0,0,0,0,,0,3,1,8,8,0,WR,1,,178,
487,Darrius Heyward-Bey,darrheywwr,PIT,27,16,1,0,0,0,0,0,0,0,,0,5,3,33,11,0,WR,1,,174,
488,Tavarres King,tavakingwr,2TM,24,2,0,0,0,0,0,0,0,0,,0,,2,13,6.5,0,WR,1,,175,
489,Damian Williams,damiwillwr,2TM,26,16,0,0,0,0,0,0,0,0,,0,,1,14,14,0,WR,1,,173,
490,Henry Hynoski,henrhynorb,NYG,26,16,4,0,0,0,0,0,7,13,1.86,0,0,0,0,,0,RB,1,,153,
491,Courtney Roby,courrobywr,ATL,31,4,0,0,0,0,0,0,0,0,,0,2,1,11,11,0,WR,1,,177,
492,Will Tukuafu,willtukurb,SEA,30,9,2,0,0,0,0,0,1,2,2,0,2,1,4,4,0,RB,1,,156,
493,T.J. Yates,tjyateqb,ATL,27,1,0,3,4,64,0,1,0,0,,0,0,0,0,,0,QB,1,,66,
494,Matt Moore,mattmoorqb,MIA,30,2,0,2,4,21,0,0,2,-2,-1,0,0,0,0,,0,QB,1,,65,
495,Marcel Jensen,marcjenste,JAX,24,1,0,0,0,0,0,0,0,0,,0,1,1,8,8,0,TE,1,,100,
496,Vance McDonald,vancmcdote,SFO,24,8,4,0,0,0,0,0,0,0,,0,8,2,30,15,0,TE,1,,99,
497,David Ausberry,daviausbte,OAK,27,6,0,0,0,0,0,0,0,0,,0,4,2,14,7,0,TE,1,,97,
498,Jason Campbell,jasocampqb,CIN,33,4,0,11,19,74,0,0,1,1,1,0,0,0,0,,0,QB,1,,64,
499,Trey Burton,treyburtte,PHI,23,15,0,0,0,0,0,0,5,10,2,0,0,0,0,,0,TE,1,,98,
500,Antonio Andrews,antoandrrb,TEN,23,4,0,0,0,0,0,0,0,0,,0,2,2,11,5.5,0,RB,1,,154,
501,LaMichael James,lamijamerb,2TM,25,3,0,0,0,0,0,0,5,9,1.8,0,1,0,0,,0,RB,1,,155,
502,Tyrod Taylor,tyrotaylqb,BAL,25,1,0,0,0,0,0,0,4,-3,-0.75,0,0,0,0,,0,QB,,,80,
503,Dan Orlovsky,danorlo,DET,31,0,,0,0,0,0,0,0,0,,0,,0,0,,0,,,,73,
504,Mike Kafka,mikekafk,TAM,27,0,,0,0,0,0,0,0,0,,0,,0,0,,0,,,,70,
505,Luke McCown,lukemcco,NOR,33,16,0,0,0,0,0,0,0,0,,0,,0,0,,0,,,,74,
506,Dennis Dixon,denndixo,ARI,29,0,,0,0,0,0,0,0,0,,0,,0,0,,0,,,,78,
507,Bruce Gradkowski,brucgradqb,PIT,31,1,0,0,0,0,0,0,2,-2,-1,0,0,0,0,,0,QB,,,79,
508,De'Andre Presley,deanpreswr,CAR,24,4,0,0,0,0,0,0,1,-2,-2,0,1,0,0,,0,WR,,,193,
509,Sam Bradford,sambrad,STL,27,0,,0,0,0,0,0,0,0,,0,,0,0,,0,,,,75,
510,Matt Barkley,mattbarkqb,PHI,24,1,0,0,1,0,0,0,3,0,0,0,0,0,0,,0,QB,,,77,
511,Tyler Thigpen,tylethig,CLE,30,0,,0,0,0,0,0,0,0,,0,,0,0,,0,,,,71,
512,Josh Johnson,joshjohn,SFO,28,0,,0,0,0,0,0,0,0,,0,,0,0,,0,,,,72,
513,Tarvaris Jackson,tarvjackqb,SEA,31,1,0,1,1,0,0,0,0,0,,0,0,0,0,,0,QB,,,76,
514,Jordan Palmer,jordpalmqb,TEN,30,1,0,1,3,7,0,0,1,-1,-1,0,0,0,0,,0,QB,,,69,
515,Tom Savage,tomsavaqb,HOU,24,2,0,10,19,127,0,1,6,-6,-1,0,0,0,0,,0,QB,,,67,
516,Kellen Clemens,kellclemqb,SDG,31,2,0,1,3,10,0,0,0,0,,0,0,0,0,,0,QB,,,68,
517,Michael Bush,michbush,ARI,30,0,,0,0,0,0,0,0,0,,0,,0,0,,0,,,,164,
518,Marlon Moore,marlmoor,CLE,27,13,0,0,0,0,0,0,0,0,,0,0,0,0,,0,,,,186,
519,Zach Miller,zachmill,CHI,30,0,,0,0,0,0,0,0,0,,0,,0,0,,0,,,,113,
520,Edwin Baker,edwibakerb,NOR,23,3,0,0,0,0,0,0,1,2,2,0,0,0,0,,0,RB,,,157,
521,Ryan Taylor,ryantayl,3TM,27,14,0,0,0,0,0,0,0,0,,0,,0,0,,0,,,,105,
522,David Johnson,davijohnte,SDG,27,14,2,0,0,0,0,0,0,0,,0,,1,4,4,0,TE,,,101,
523,Clark Harris,clarharr,CIN,30,16,0,0,0,0,0,0,0,0,,0,,0,0,,0,,,,106,
524,Alex Smith,alexsmit,CIN,32,2,0,0,0,0,0,0,0,0,,0,,0,0,,0,,,,103,
525,Mickey Shuler,mickshul,JAX,28,3,1,0,0,0,0,0,0,0,,0,3,0,0,,0,,,,116,
526,Matthew Mulligan,mattmull,3TM,29,4,2,0,0,0,0,0,0,0,,0,,0,0,,0,,,,114,
527,Kellen Davis,kelldavi,DET,29,6,0,0,0,0,0,0,0,0,,0,3,0,0,,0,,,,111,
528,Mike Leach,mikeleac,ARI,38,16,0,0,0,0,0,0,0,0,,0,,0,0,,0,,,,104,
529,Allen Reisner,allereis,BAL,26,0,,0,0,0,0,0,0,0,,0,,0,0,,0,,,,109,
530,Nate Solder,natesold,NWE,26,16,16,0,0,0,0,0,0,0,,0,0,0,0,,0,,,,102,
531,Anthony McCoy,anthmcco,SEA,27,0,,0,0,0,0,0,0,0,,0,,0,0,,0,,,,108,
532,Fendi Onobun,fendonob,JAX,28,0,,0,0,0,0,0,0,0,,0,,0,0,,0,,,,117,
533,Will Yeatman,willyeat,HOU,26,0,,0,0,0,0,0,0,0,,0,,0,0,,0,,,,107,
534,Weslye Saunders,weslsaun,IND,25,1,0,0,0,0,0,0,0,0,,0,,0,0,,0,,,,115,
535,Tom Crabtree,tomcrab,NOR,29,0,,0,0,0,0,0,0,0,,0,,0,0,,0,,,,110,
536,Richard Gordon,richgord,2TM,27,5,3,0,0,0,0,0,0,0,,0,1,0,0,,0,,,,112,
537,Tyler Clutts,tyleclutrb,DAL,30,16,1,0,0,0,0,0,0,0,,0,1,1,1,1,0,RB,,,158,
538,Jalen Parmele,jaleparmrb,ARI,29,1,0,0,0,0,0,0,1,0,0,0,0,0,0,,0,RB,,,163,
539,Matt Slater,mattslat,NWE,29,16,0,0,0,0,0,0,0,0,,0,,0,0,,0,,,,183,
540,Mario Manningham,marimann,NYG,28,0,,0,0,0,0,0,0,0,,0,,0,0,,0,,,,185,
541,Kyle Williams,kylewill,DEN,26,0,,0,0,0,0,0,0,0,,0,,0,0,,0,,,,181,
542,George Wilson,georwils,TEN,33,16,10,0,0,0,0,0,0,0,,0,0,0,0,,0,,,,182,
543,Kassim Osgood,kassosgo,SFO,34,13,0,0,0,0,0,0,0,0,,0,1,0,0,,0,,,,192,
544,Leonard Hankerson,leonhank,WAS,26,1,0,0,0,0,0,0,0,0,,0,1,0,0,,0,,,,189,
545,Naaman Roosevelt,naamroos,BUF,27,0,,0,0,0,0,0,0,0,,0,,0,0,,0,,,,191,
546,Kevin Cone,kevicone,2TM,26,0,,0,0,0,0,0,0,0,,0,,0,0,,0,,,,187,
547,Elbert Mack,elbemack,HOU,28,8,0,0,0,0,0,0,0,0,,0,0,0,0,,0,,,,184,
548,Jordan Norwood,jordnorw,DEN,28,0,,0,0,0,0,0,0,0,,0,,0,0,,0,,,,190,
549,Griff Whalen,grifwhalwr,IND,24,10,0,0,0,0,0,0,0,0,,0,3,2,23,11.5,0,WR,,,180,
550,Allen Bradford,allebrad,2TM,26,1,0,0,0,0,0,0,0,0,,0,,0,0,,0,,,,159,
551,Tandon Doss,tanddoss,JAX,25,0,,0,0,0,0,0,0,0,,0,,0,0,,0,,,,188,
552,Phillip Tanner,philtann,2TM,26,2,0,0,0,0,0,0,0,0,,0,,0,0,,0,,,,161,
553,Kory Sheets,koryshee,OAK,29,0,,0,0,0,0,0,0,0,,0,,0,0,,0,,,,160,
554,Montell Owens,montowen,2TM,30,6,0,0,0,0,0,0,0,0,,0,,0,0,,0,,,,162,
555,Senorise Perry,senoperrrb,CHI,23,16,0,0,0,0,0,0,0,0,,0,1,1,-1,-1,0,RB,,,165,
556,Kevin Dorsey,kevidorswr,GNB,24,3,0,0,0,0,0,0,0,0,,0,2,1,4,4,0,WR,,,179,
557,Jalen Saunders,jalesaunwr,4TM,22,15,0,0,0,0,0,0,0,0,,0,,1,7,7,0,WR,-1,,194,
558,Matt Flynn,mattflynqb,GNB,29,7,0,8,16,66,0,1,10,-10,-1,0,0,0,0,,0,QB,-2,,81,
559,Matt Schaub,mattschaqb,OAK,33,11,0,5,10,57,0,2,0,0,,0,0,0,0,,0,QB,-4,,82,
